customer_id,churn_prediction,churn_probability
767114958,0,0.003300203401078448
708123033,0,0.03009740550915375
715424283,0,0.12230613981861697
717865008,0,0.005778940279127422
710188308,0,0.048349636891800475
716574033,0,0.0013554238064715008
713183508,0,0.001498326073691037
718583133,0,0.023507961160209652
783554958,0,0.009708583100575473
714418158,0,0.002362871796403731
710061783,1,0.8049603866061811
716225433,0,0.003313974966331679
788327358,0,0.02598867329941162
714847983,0,0.0026754924435952784
720031908,0,0.0013692686778469165
713700258,0,0.0013288585722417048
721265883,0,0.083491800103672
715321008,1,0.9678320535349941
717831783,0,0.04265049700091192
711480108,0,0.020010992318435786
797638383,0,0.008116229169192002
709950858,0,0.011999801988458696
717060858,1,0.8743400661319094
716045508,0,0.012382806853448457
787482033,1,0.8449247954656542
719601708,0,0.018441390470762983
717683583,0,0.012096060564099127
813905508,0,0.0039151760164035775
769985883,0,0.298428614188753
718927533,0,0.07290406577501227
784868958,0,0.011575669624571632
787539333,0,0.009199466403911179
789871233,0,0.013915984237670258
826061508,0,0.03805612729373034
716354883,1,0.9052802217772918
717678408,0,0.005646824729399701
715341858,0,0.04265030425625744
713003358,1,0.9247082423640614
713374533,0,0.014632589477592429
709985133,0,0.03253799482198972
771204108,0,0.0012684341586402846
713758758,0,0.03119586020671246
709453833,0,0.016488410060737358
713227233,0,0.0031910285251911404
714967233,1,0.6599890412820251
714358008,0,0.07320967118409112
779514558,0,0.020273716889863458
794498733,0,0.01216024291691616
793015083,0,0.0023958628947947282
789212883,1,0.9347295002406439
718677858,0,0.003185443126190643
713675658,0,0.011223128248835052
719523108,0,0.006144028876057286
708390633,0,0.028667321825169432
715098333,0,0.02720846501167088
712060158,0,0.0012741501705749744
716831508,0,0.06427512706143433
778172583,0,0.002024173454261056
789430083,0,0.0014885109904196623
709996833,1,0.6579252460327554
708890133,0,0.021664718426317023
773332908,0,0.0015405020290256623
715870758,0,0.02660655030180628
789363408,0,0.011591328435767262
779118708,0,0.003806429980190888
710544033,0,0.006858544293236778
717500133,0,0.022100631362768644
712046808,1,0.5827489726147711
815484783,0,0.008238100586674926
713843283,0,0.007142334206896294
717260058,0,0.04240385122357089
773383158,0,0.05386173145603524
711041508,0,0.010471916891461583
816843933,0,0.0019633472675900025
715043508,0,0.007308389796687652
717241233,0,0.00640762146999025
717521508,0,0.0380728656165306
708331758,0,0.033676297618945535
715571583,0,0.012058243406620744
711146358,0,0.05266816495631333
789594108,0,0.0071906412675516755
779327733,0,0.010590690762089077
711391308,0,0.0016632357502734552
718994583,0,0.011295192581305949
718212633,0,0.0012787866186615118
711861258,0,0.08062640795840398
718123608,0,0.0034537043873056183
718958583,1,0.6408371457437698
772207683,0,0.008975325329448926
719629308,0,0.2844887672091942
708303108,0,0.015919600496387246
788957358,0,0.04532776884131391
708727983,0,0.028951831030751468
714217908,0,0.12375524235630113
708928908,0,0.0406551018992567
712411908,0,0.017805723862418
771075258,0,0.09469540009227632
717866133,0,0.028538217113648786
713652783,0,0.04369595927690091
714076683,1,0.9172630731993237
803963808,0,0.009243244775627798
778968408,0,0.0235657149637904
720064158,0,0.006811814693789406
778921908,0,0.021134581530019677
770878458,0,0.023990242890798107
786087633,0,0.007670164079870958
788752833,0,0.04241291233723457
766006758,0,0.06925936728235205
710342508,0,0.006363837297462145
711422358,0,0.018549721517124713
778574283,0,0.020029112996860488
709987683,1,0.9952831795041351
821168733,0,0.011413247666051151
717765183,0,0.012025624703570497
708723858,0,0.001792209764227095
720618033,0,0.005835948563170804
718899708,0,0.1413900543858985
716437533,0,0.004642600962936548
717491058,0,0.043301271711467096
711029358,0,0.036154816221814955
716768808,0,0.040466583001573166
801056358,0,0.001350731150241314
779210283,0,0.01114842954019007
718441308,0,0.001345355054863519
713241033,0,0.043863390496655344
711064008,0,0.016409036149305403
772137183,1,0.9350576581015276
788739633,1,0.834474035684974
708953883,1,0.9578404110204073
716549058,0,0.06342510463696181
824789283,0,0.07861479772107349
788252358,0,0.003179978032009003
819752133,0,0.006313201427198112
716944983,0,0.10235361081994018
716545383,0,0.07798491679148636
720836808,0,0.02665570397807109
783361533,0,0.02229921646172277
710893533,0,0.03605420108607382
709793133,0,0.0363887819092455
716609433,1,0.7032838585912324
715222533,1,0.8691381155563664
713597658,1,0.6952786319459109
720837708,0,0.017176946545835466
786546783,0,0.08426791791819067
778747608,0,0.017029583070066398
801385458,0,0.007088379950959342
720844008,0,0.011201012793442756
754443033,1,0.7008934004761556
799486158,0,0.0166806833734072
798140283,0,0.07166308840171565
772036233,0,0.02913067445789916
711427458,0,0.4190528030951126
712727283,0,0.006580953224761722
710754933,1,0.9619074805301742
709938708,0,0.0023399792628958365
710831133,0,0.12338131061708416
715570533,1,0.895742890101203
794576058,0,0.007311344838147594
786557358,0,0.03575907943833504
708212658,0,0.02605193845117488
818993508,0,0.0013484164997874216
718466883,0,0.0007957224738263971
717085983,0,0.06835818956590228
709986633,0,0.03176202121445944
779348358,1,0.8809515270028817
752944533,0,0.012398178880161474
712340733,0,0.056354054235796
814459833,0,0.19353545244369805
718373658,0,0.0014914992642738574
771359958,0,0.047491023950887
779198133,0,0.018584481315617223
788618208,0,0.03376296298026009
712288158,0,0.03676879715112781
711838008,1,0.7362075170488303
710202783,0,0.019536281053899637
771976683,0,0.033548011743134445
716176683,0,0.021666909139376314
711278283,0,0.01663017547101597
715019883,0,0.10691441900566519
720292983,0,0.0018047154919543582
716498883,0,0.01660967537514299
713798958,0,0.001607058395670532
716939358,0,0.02223753405820523
709005633,1,0.8610692248668418
795573333,0,0.0019172108402432052
771069033,0,0.0024309839701734696
801709308,0,0.01297286582320387
716345283,0,0.020568173016769546
714835833,0,0.02178171643613582
779783508,0,0.014318555274651746
825767658,0,0.008015423460335267
717575958,1,0.933937588704842
720753183,0,0.06483728569982936
711766758,0,0.008686899440595542
711397533,0,0.0010205264555997458
767058183,0,0.02358740129874179
788864508,0,0.01678568383479919
778377183,0,0.01362176274782692
710844408,0,0.07244851112588846
714919308,1,0.9082728214803123
708874533,1,0.9800636841366448
778356408,0,0.008370639040510684
769035933,0,0.0010734333807697035
771228183,0,0.0240507535488122
772539558,0,0.01879942042074873
714045783,1,0.968121993971089
809797158,0,0.020075821088269483
719531133,0,0.03274758444270069
719192808,0,0.002004451357908988
720662508,0,0.01160450931253793
820848408,0,0.0012052394116405683
712412958,0,0.01236298641584167
778984383,0,0.001945266027183418
712865583,0,0.0021355356892860194
819997983,0,0.019143868190433382
718301508,0,0.011938975768072742
789197508,0,0.04439808885045515
809459733,0,0.004756157545939677
813901458,0,0.014915381732445205
772360683,0,0.08082720001419816
779725833,0,0.006936047863473301
712996833,0,0.0018935913787457676
779681433,1,0.5575964129536864
787591008,0,0.0016751579222928734
712642533,0,0.01120226098406016
721051908,0,0.03916037559005731
715503558,0,0.011866373592461277
709841433,0,0.07490749245237853
710424408,0,0.07222782342964744
709592808,0,0.0015689895950622172
788038383,0,0.24566959355670037
714363858,0,0.006912369729936192
815015283,0,0.06355933189287549
771336783,0,0.0005907682008826897
738899658,1,0.8052127425843199
796170933,0,0.24945357892107267
720992883,0,0.0312940476265728
712238958,0,0.0029675468609724974
718530258,0,0.0028836000601941488
711794358,1,0.5490179098743178
716366208,0,0.0021636264785419774
770038983,1,0.7666041787440495
709937583,0,0.002044389290185808
787623858,0,0.025746162557341967
711676008,0,0.12401479029297356
812218908,1,0.9350587030386766
720281508,0,0.0008478544486092246
721139808,0,0.011331914533607768
709990983,0,0.18695781469169895
718244958,0,0.0411880035682099
756639708,0,0.018053653646000055
718645308,0,0.001318700962815474
717389433,0,0.05290862952000194
779310033,1,0.9832344155624095
717192933,0,0.04937590632037898
718379358,0,0.002959321813778892
779661033,0,0.006844626895319787
715880283,0,0.017570857030445065
719469333,0,0.019622131501371005
708974283,0,0.013133882292722327
789859833,0,0.013928435485157755
772339383,0,0.07097120901156442
716319258,0,0.0018864531396571614
720330558,1,0.9132634567952735
789827208,0,0.02207915182449998
751450008,0,0.02585982924473578
789791808,0,0.006169994714980415
717321783,0,0.09719168301536935
712549758,0,0.03894701455772565
712470033,0,0.05987600116822615
719291283,0,0.030008851826981976
720413658,0,0.0025549442229138354
709230708,0,0.09518979293741277
708384033,1,0.7421635074311607
715029333,0,0.006427003081807944
771040758,0,0.019722446525652
711635358,0,0.0017717158652343415
716604633,0,0.007999129778676317
716438433,0,0.0016623457942840242
711216933,0,0.0018989522106671432
713916708,0,0.026521480253761297
710106933,0,0.04183104343644725
806189658,0,0.0012653213692455534
770632758,0,0.12285740025986573
789238683,0,0.02350319986464332
711873033,1,0.7462284693928365
720384633,0,0.01617292797738705
712181658,0,0.006979913189093153
714957108,0,0.0074053103128081475
720247158,0,0.08722536212306382
772313358,0,0.005938332730422103
803652633,0,0.07780254163335353
771422883,1,0.9707194718218902
718009158,0,0.0014231014214641277
712612233,0,0.06305518618382833
709901058,0,0.0015390935542102225
716682258,0,0.006224340576924384
711478233,0,0.1382694438527481
720040158,0,0.011761418058856141
720212508,0,0.006687277234528597
787605558,0,0.0012148791220971704
780557658,0,0.12820797566006686
709952658,0,0.027410371302802522
793379058,0,0.001916153818283995
716971833,0,0.021336298923203142
720997383,1,0.790711748490129
827111283,0,0.012290456566455055
769396158,1,0.933075027756526
820085808,0,0.028974646983507824
780349833,0,0.008850513460606018
715964058,0,0.0019529841065535542
771903033,0,0.030116218336970847
802668333,1,0.7414990810688199
718504983,0,0.03575138978709232
714882258,0,0.006107415460270684
714211533,0,0.08933323332900539
720198183,0,0.010771706456330264
803587533,0,0.0014610779998442886
720050208,0,0.048107261590847966
771058908,0,0.007648758422446071
708971583,0,0.01656617876205703
788812608,0,0.016129684583371377
805282908,0,0.0011222240055486486
717403158,0,0.028559179804839786
718418958,1,0.9308454217253793
721374033,0,0.005067646646136039
710849208,0,0.003515252849328754
771823308,0,0.07860690842874547
719019483,0,0.006591583872373122
769927533,0,0.031896023998061546
718951683,0,0.0024313143953325
709666908,0,0.007106742119212885
719857008,0,0.007084581085088693
788709408,0,0.012974360805359554
710641008,0,0.05962622836235435
815812683,0,0.03869673753211518
717624708,1,0.8438980096098325
789398733,0,0.0016767027238748086
716136333,1,0.8636373481378485
715162608,1,0.8320684685902942
710822808,0,0.035710608242989196
714147858,0,0.00973002974468939
767333808,0,0.009153703307089839
719654283,0,0.0037231977019863104
766273533,0,0.002699603548168805
779601783,0,0.0016853842359042855
711370458,0,0.051610921308507675
715519983,0,0.0015014163216209822
788782008,0,0.021681163593130118
787595658,0,0.06904810814430479
758211483,0,0.0016658781234061572
710637183,0,0.0011049462034609314
712144158,1,0.9544043660859362
715378383,0,0.011863722937328286
771061008,1,0.6618939678888518
719583558,0,0.007865232264505409
810986883,0,0.007716613190752123
788797983,0,0.059049724285744454
815104608,0,0.012641142497216484
715369008,0,0.014112716393461445
713418558,0,0.031352776059404834
708332808,0,0.019184911299204688
719729433,0,0.02976471027670181
789022233,0,0.023167650653610438
714234858,0,0.03088083481946526
709170108,1,0.9926972978593378
779727558,0,0.00677074703603176
708245808,0,0.0020775187600508157
778255083,0,0.02373312092283487
718755483,0,0.017518326562981766
712627083,1,0.5876451240234066
788990508,0,0.026466178203937932
804437658,0,0.05046167217031671
778430733,0,0.028125772385688176
808747233,1,0.8236485234536807
710555433,1,0.7957629698155614
708826158,0,0.05149399284453098
717023508,0,0.0015452241174054961
719694408,1,0.7443727668805358
710014683,0,0.0412618646992893
815596608,0,0.0022681682778897894
712721358,1,0.9235549309484936
716870583,0,0.01590191974886903
780076833,0,0.002211883691775701
793616883,0,0.014708835135135762
789105183,0,0.04361290529977331
817970208,0,0.0183205804041187
779844408,1,0.9856286607740813
719206308,0,0.014699517574548014
721269108,0,0.0036503839965796687
772139433,0,0.012406775664480731
717042333,1,0.8928854959480431
710273658,0,0.040791434784115725
716626008,0,0.002489537072780683
716230158,0,0.012101613435182568
713010483,0,0.02648211453515949
711220683,0,0.0020049290051204057
721398858,0,0.012138276056629085
779400183,0,0.05168017677055617
789964983,1,0.9004469319124919
715102308,0,0.016934336956050667
712730583,0,0.03624742883587634
718870158,0,0.021940208309119576
719484408,0,0.07054349689357074
720244983,0,0.012840362808823396
781306758,1,0.9155371488998761
779412783,0,0.03998302305379753
721217283,0,0.02188026552548196
815062383,0,0.0015178125825278381
714155283,0,0.021222524525215832
716981358,0,0.020697382095900822
824915208,0,0.03960331742752818
708498033,1,0.8618426911459862
716860233,0,0.0026044044290879516
709839858,0,0.041638392635779606
713144208,1,0.9039907728711394
708573933,0,0.001862038751675031
712579983,0,0.009883881439381384
790099758,0,0.14302707761697048
711305208,0,0.017914272610726013
720062508,1,0.9432157274300985
708205083,0,0.028353933724356142
772336458,1,0.8616144381545596
710986758,0,0.015618995880926866
789271533,0,0.006377945355101266
711360783,0,0.012433152807856184
714035283,1,0.9603716651656504
720415833,0,0.008498895880710173
778873608,0,0.023493670357840876
718661958,0,0.05643292374431195
719026383,0,0.08531655993085444
710229333,0,0.04115101297060883
720437358,0,0.04983257290542814
811467708,0,0.023823365169926173
778933983,0,0.017788687923297374
719413383,0,0.014311115524429067
718252533,1,0.6694953854200143
718188858,0,0.005772767476761794
711382458,1,0.7159705059239598
721212258,0,0.011203236674845742
717600483,0,0.09922415405393621
761544333,0,0.026923078556016257
809425533,0,0.0013519551177382622
709678608,0,0.08809876131971674
713151258,0,0.005567912790340326
715345833,0,0.03061299315378093
720776508,0,0.04938366121802038
720689583,0,0.0068176758268585925
801728658,0,0.05423567899520382
718979733,0,0.0067517678993087235
721163133,0,0.03688184180332847
710595783,0,0.11307181869906259
714781908,0,0.000844006779461497
709618308,0,0.08903728206619918
713971608,0,0.008372640439456036
718020408,0,0.0012391654590078944
716513358,0,0.05788642349668826
710401458,0,0.09975189403823091
712177908,0,0.0063587277443084185
719216508,0,0.012017790214120954
711017433,0,0.0317161835852417
788386908,0,0.011816737739202056
710819733,1,0.7205742505797675
711978858,0,0.001998563853629823
807136758,1,0.95660477118457
716138958,0,0.015622203571331398
713070033,0,0.013672080311380294
827055333,0,0.1687671748011385
827408058,0,0.019645434942818032
793608258,1,0.8477860877989749
717013383,0,0.017735688813615355
714320358,0,0.148360442421333
716948283,0,0.02141020991588449
717657333,0,0.05538094868714223
788687133,0,0.06908602762382238
710736558,0,0.0736638425731522
708721533,0,0.01684321375439751
817108083,1,0.8281506848335718
719737833,0,0.11155845611845754
813967983,0,0.001226853478213481
771464808,0,0.008678313522496874
713025558,1,0.6906306244198163
779016408,0,0.057034324195730485
712096758,0,0.0015396474711423835
789523683,0,0.0017700963177388804
713177808,0,0.0028810379253506723
718777008,0,0.07745171569008087
711004533,0,0.0013257940453283898
720046458,0,0.0038262308022178264
710453283,0,0.06807179695297268
708736608,1,0.9160367081730136
778908783,0,0.04555418234076826
716056158,1,0.9588492331237767
773257233,0,0.006498272876582865
711371208,0,0.0018798599363968537
711831558,0,0.001313564879055634
712164333,1,0.9780621184632929
780126033,1,0.7568142826451172
821889858,1,0.9025224982307889
779656908,0,0.011442779920897973
766821033,1,0.6291950199417221
789196158,0,0.1685834271154231
714228558,0,0.005980615046036479
827360883,0,0.04118831287599871
712815858,0,0.09426923373312064
714533058,0,0.0013560667853344344
790149483,0,0.008099779419015091
771584658,0,0.008908909398130098
814181433,0,0.008965288220265523
788761608,0,0.01798251323925053
709009833,0,0.028081047100254147
708244458,0,0.013171522916111846
797998158,0,0.012175580791800755
808279158,0,0.03365399273637301
804601833,0,0.0037479660240233546
789690483,0,0.06705640881037266
819109308,0,0.007416197074353198
739317558,0,0.0028624669000757636
721305408,0,0.010450309578456017
716535408,0,0.006402104298331598
719391783,0,0.025577037480766434
780602733,0,0.0019501149710073069
789556533,0,0.0014592557260860123
713422083,1,0.8917089367747066
721506708,0,0.04952822200913495
715774833,0,0.04405341338666891
714962658,1,0.9786337083040295
783561558,0,0.022457802343366664
826709658,1,0.9570916716896758
790017858,0,0.03314218015493965
712319958,0,0.0390700841980044
717483558,0,0.07587653674438516
713985183,0,0.002233287833517723
708404883,0,0.2739665118029125
717208833,1,0.8233238739667939
816091608,0,0.0013039509934940827
709087983,0,0.023923900028124345
710763783,0,0.09595551587469366
719018208,1,0.9202066112351104
713976258,0,0.0060718091966544905
709554483,0,0.06829697194772018
794485158,0,0.013020147785664793
718795083,0,0.001705811642231076
826451433,0,0.0033041885039071413
826717533,0,0.006708182028368783
715294083,1,0.6986813996435437
779187783,0,0.02224371282528085
719513733,0,0.0008995866438633854
709816158,0,0.04162160255241862
711720408,0,0.02535118562439106
714960408,1,0.8990366367717401
770746908,0,0.01635744546523988
716101308,0,0.016835355867992504
809825358,0,0.001635051344996815
719826333,0,0.017827050449330806
710207208,0,0.01126961781381006
720128658,1,0.7091184881731709
780727833,0,0.009694334947663415
802247658,1,0.7600779044440593
717787533,0,0.384135529726095
721115733,0,0.012312588950193265
709446783,0,0.1369648187000575
784719708,0,0.02226298719682565
718570158,0,0.06786507480921168
709965858,0,0.017107405979516557
757594083,0,0.024453304735549117
789599283,0,0.031698124210677456
718947558,0,0.0011934844138568545
721147383,0,0.0009038982001699304
720683958,0,0.05823446134626042
780657708,0,0.011583520489018125
713935533,0,0.0072511451864078645
713948808,0,0.017050759520145443
715406658,1,0.9168118316625032
772640808,0,0.022435535164762346
708496833,1,0.5881287672505815
804847308,0,0.012069950210245508
716931183,0,0.001470657260117721
714030183,0,0.13609046883106266
809296308,0,0.029809189834020918
708358683,0,0.03954981554903443
794664183,0,0.0070227836410496295
712475733,0,0.20052173495541706
708770883,0,0.043511673793814945
821339433,0,0.003431001752731688
709206333,1,0.8958052566386833
806914158,1,0.9516191264489224
709607733,0,0.0031234497084117133
712843983,1,0.783985124326715
780511683,1,0.6128381906627623
709161108,1,0.8276665470672162
708272808,0,0.011433904012945063
708680583,0,0.015998206596925284
708712833,0,0.021975186138021664
711947358,0,0.00169141107126976
719634408,0,0.029440785063205334
718267233,0,0.01725120685129062
715479483,0,0.17907472643600766
711164508,0,0.022355506760188534
719294433,0,0.01623013275132474
714412308,1,0.8849694237378561
716434533,1,0.9625134620066464
719061933,0,0.03551183637229716
719091333,0,0.054350181683383306
716573058,1,0.7754011675844633
740784258,0,0.0016634253239351685
711863433,0,0.060249873162870754
780529908,0,0.006284036891749539
715132758,0,0.0021552747679730415
713934633,1,0.5167288904265926
827423433,0,0.0026378337430088827
708385533,1,0.7849420703089663
789407958,0,0.01078658165573644
712589658,0,0.02178026969532054
714759708,0,0.0321814170830384
826068183,0,0.1288398796518794
709913733,0,0.06963981661488775
789744033,0,0.08531324096448507
710926383,0,0.02213840421317922
714052158,1,0.8971713162694754
714900408,0,0.13615893703095552
787532808,0,0.0010903831248105273
802449933,0,0.018451322500439137
755996583,1,0.9691125642612487
709625733,0,0.07246025319417765
719686458,0,0.12157156306808087
708642708,1,0.9940684400163107
790082508,0,0.012671160854706057
713205108,0,0.0018835950152619743
710838108,0,0.022400973136114655
714427608,0,0.0024539616777884106
711655683,0,0.01928202964771428
826168083,0,0.0022307518846503803
708553008,0,0.20457990986790459
719554758,0,0.019076549885521675
820383558,0,0.0155644375474357
817293258,0,0.003684688324208356
709275558,0,0.060964759783868165
816078708,0,0.0017959276483290223
719490108,0,0.053554061676190416
710410158,0,0.4715548497487987
813961233,0,0.018408309243740376
714259533,0,0.003537857419541807
713550483,0,0.002111888696172907
719073483,1,0.8439332495924957
710428308,0,0.01382223913993648
779340183,0,0.03706962821269166
788820933,0,0.0013869835942925334
798022683,1,0.9132715137531523
717273333,0,0.010751356257079583
713952558,1,0.7705520255668381
712545183,0,0.1175893677198301
789611283,0,0.00954920464840687
713339283,0,0.0655569656799917
721032633,1,0.9231020078862868
719953383,0,0.0059621423013676835
712814658,0,0.0027596504724095366
711764733,0,0.05026654296382114
715915458,0,0.07617454606366908
720712533,0,0.016381616987335503
709984083,0,0.002085222395533266
719268333,0,0.0013477014768198345
790048158,0,0.04913710923781106
717856983,0,0.03308082890753101
715545933,0,0.006504068755367347
709861008,0,0.017177596444239277
712863183,0,0.021967186777137188
712423233,0,0.0019477002533876567
711648708,0,0.02214682073101312
714864333,1,0.9416779602397434
788830683,0,0.02109213443687052
719358333,0,0.02441166737949023
789541458,0,0.0016907888034722344
711589758,0,0.0017878626244696766
711574008,0,0.1879342192520635
779548008,0,0.03612525330751751
801037833,0,0.000963236821983386
720924633,0,0.04932778846429002
718596858,0,0.04427859407134733
737967708,0,0.0011898718560052648
798110358,0,0.14214393337896722
789582483,0,0.0015553755599062857
710529708,0,0.017402015957000617
789526458,0,0.07285134278935461
711039633,0,0.08006439300398797
828294933,1,0.8193592335682589
720422358,0,0.013231015276666864
720252858,0,0.08946607206258773
788966958,0,0.04407353822888902
714435408,0,0.022702704394048808
713453733,0,0.027737674411164842
711208083,0,0.0007513194529454251
721220583,0,0.017208634885913163
720205608,0,0.006180751006549785
789983133,0,0.05252837228806067
787581858,0,0.022632388435514992
708705783,1,0.731562760677322
717234183,0,0.07908510331629216
808705758,0,0.002219771085746388
711183558,0,0.04175099535221288
812979408,1,0.9528426111509674
715354008,0,0.029986440671681255
721062408,0,0.23977428065858908
712410858,0,0.0038715940164904465
779116158,0,0.0766593829787787
712866933,0,0.001545279429385032
710411358,1,0.9474275183702713
771881283,0,0.0011238796420099094
715363908,0,0.04926264478453904
789560433,1,0.811590942953535
709752183,0,0.05256246371403091
807161508,0,0.10725840387317222
708393633,0,0.008323587199826142
771886233,0,0.034844521666119975
716930133,0,0.04614497356215476
809937933,0,0.0011744476437932404
816596583,0,0.042354618042205416
718803333,0,0.019338682184437066
795237183,0,0.031156880919719587
720419358,0,0.011768596390090695
719514783,0,0.009065156773828855
780374133,0,0.015019305704011799
810868758,0,0.01172833205157135
714286383,0,0.001331770848980225
708588408,0,0.013871948506281394
813338733,0,0.005732592506185026
788826408,0,0.012662368240287727
713134458,0,0.09985232413020549
716350008,0,0.0019394536041529215
738062658,0,0.005413296637576463
709449333,0,0.0013383937206067325
718665933,0,0.026751081580179976
748503708,0,0.015552402874782942
807141183,0,0.12380763175141757
766381908,0,0.000930073030788576
822112383,0,0.0018915113921522673
709061658,0,0.050547884513654016
797166633,0,0.0032368631629454063
789435783,0,0.015954280755140812
708266883,1,0.8358309197611269
716793108,0,0.01411174863293968
712253058,0,0.0015941207547693782
716430933,0,0.004753114479023775
715746633,0,0.03075642080266399
714842208,0,0.0013067434107352119
713879283,0,0.049574958487448334
778679883,0,0.007205138284080172
712110333,1,0.9722511322938969
720724008,0,0.0013977937155012134
708387933,0,0.019070844542346053
712165308,0,0.020549784668617344
720283758,1,0.7812493036360366
708473133,0,0.0324528016535306
810493458,0,0.04105663334196204
711122958,1,0.7373334346341983
721502958,0,0.03634464115535706
715908558,0,0.04755551611678703
711594858,0,0.012272319827156732
789513858,1,0.9663522350053695
712795833,1,0.6329131264157668
719628033,0,0.11904997434940824
718282983,0,0.006976890965789788
714121983,0,0.012022869791706137
709791333,0,0.01230125030106254
779916408,0,0.012175064242338168
711657783,0,0.01566841271420171
780203883,0,0.006230355049075558
709367433,0,0.12280118522663351
736145283,0,0.0064443469918534025
711516783,0,0.02458217424444732
712104333,0,0.017204691124247454
711116133,1,0.894105904193168
712988958,0,0.08719935999338764
771201408,0,0.005165170215409842
712011633,0,0.0062362426254409095
713579733,0,0.01500762823338082
796544133,0,0.017280377332905023
709272333,0,0.01584412294023563
715153158,0,0.012286837226189768
779342958,0,0.00800003761494951
810545733,0,0.005389353804276249
805453908,0,0.0012073705468099451
817086783,0,0.031133702802774308
714943233,0,0.00575316569974049
789097833,0,0.008064015131474386
759584958,1,0.7310071345997348
708886533,0,0.0014032590938367535
708761733,0,0.113032735030206
711600033,0,0.008355056615227256
769935783,0,0.02178155808152332
717446208,0,0.017092371532681942
721121283,0,0.0013612360588599662
819151083,0,0.001474423009778994
716470683,0,0.006553795747848784
779643858,0,0.027689808098390816
787665258,1,0.8806627993032231
787475433,0,0.012905109392621794
717448383,1,0.744374714503409
710812533,1,0.948370290176642
716461683,0,0.007463436710630147
814571058,0,0.0013274692939503616
712071708,0,0.09949276904763384
720769533,0,0.023626832394561644
794581533,0,0.007134345257943416
715732533,0,0.424763472858607
708286683,0,0.002428488860463937
708543258,0,0.021535868999561333
713809833,0,0.005709797291141991
793636308,0,0.03134893504124733
789095958,1,0.9223113519905131
757722708,0,0.03948092355389098
738627708,1,0.9254924562415592
820353558,0,0.07557723856441532
718739508,0,0.13101785116222742
788943333,1,0.5131385620143013
708397008,0,0.0018358326642259855
711392508,0,0.014803229361193231
780653208,0,0.017566131898259604
710251608,0,0.09219307626028098
719354433,0,0.006212643552794115
710676483,0,0.03934452317811979
826414083,0,0.03164419888865494
720673008,0,0.10015459184270797
716736858,0,0.0016562449168964185
715660308,1,0.8713181911318315
785387883,0,0.08117792978368164
721028283,0,0.007837355243777148
717797658,0,0.02114093856168856
712390683,0,0.08691486425758481
717965808,0,0.09333744865309242
721514883,0,0.012814620589582113
718477983,0,0.001876993813721849
719671383,0,0.006815148199627531
711191808,0,0.043817006839206044
708637758,0,0.10909046497593942
794675058,1,0.8188274092263935
720508233,0,0.4019224132389116
713094483,0,0.07907146357573593
780064983,0,0.03309882422570705
710155158,1,0.7627802455450094
710904708,0,0.00119076830956029
801715383,1,0.9864274697102006
806889633,0,0.050730817397829385
794831733,0,0.0227856696154543
712019883,0,0.05635227955344359
770956158,0,0.0012229828170980948
778386033,0,0.16861510932817506
708147108,0,0.0017935272029068743
710310108,0,0.008230843186482616
771982083,0,0.00991106648014433
714754533,0,0.0019309867780096341
717626508,0,0.01578733759927583
718328283,0,0.006119633817685575
716739258,0,0.1129675910885573
714277758,0,0.041272229335412094
720210483,0,0.006626976658842747
720411183,0,0.0016182388260865997
711379083,0,0.0012857205462823986
798558783,0,0.0011727789267083628
713363583,0,0.011416833360736043
720339558,0,0.001600739835464271
715008858,0,0.0015702531846216957
779037408,0,0.010750627826197774
721513833,0,0.02100371284857873
714311583,0,0.022749331681951215
797414733,0,0.20508431331611532
716864733,0,0.05663965192842815
712924383,1,0.9152872711779976
719854008,0,0.03281696537630373
771630783,0,0.008665555216951363
771471708,0,0.0272180368432763
769463433,0,0.023603941090638732
711377808,0,0.01628242913350942
713133258,0,0.024942058951629775
718162908,0,0.1008957612219953
713257083,0,0.001501751003639646
772687983,0,0.014989634957960645
711535158,1,0.819359192330489
799700208,0,0.013939383770805724
717177783,0,0.012318121596628168
711402333,0,0.09772775887942847
714304458,0,0.08703525304237508
713347608,1,0.7363534404287512
718303683,1,0.7879169395545176
714317058,0,0.0038715689672660187
718152333,1,0.8416829854560263
716385033,0,0.04439401126627802
720674133,0,0.14329255492348947
719153433,0,0.0013053548060737398
712765158,0,0.27477726198606894
713229633,1,0.9599180144402202
712256358,0,0.02539175231348649
717656433,0,0.011573621305920568
771081558,0,0.0008914040019585944
710702733,0,0.010983621559172785
779612808,0,0.17007547972719525
713904708,0,0.0009815931244316122
716546283,0,0.03772320529824291
711670308,0,0.01634830508966567
710856558,0,0.003363640325377882
713639958,0,0.057045984750430566
716987358,1,0.7979157459692797
720008133,0,0.001481880728691238
710084883,0,0.011142699699957485
816476658,1,0.6934946851205231
778486008,0,0.01707065146507419
769053033,1,0.9376245983706352
716171358,0,0.006570304135751516
772684833,0,0.04131593135785832
709485033,0,0.014875983662283574
713352183,0,0.014346869886931228
712557708,0,0.02468987379201935
821149008,1,0.8821719716255495
711816108,1,0.9820020625547996
712532058,0,0.03808220187035319
718811058,0,0.012370914999780262
713696808,1,0.9194125931798284
753233733,0,0.012961397735877879
717030633,0,0.08136256134140496
718320933,0,0.002120751278879968
714608583,1,0.8099653014985558
715942683,0,0.015803084500654083
771356508,0,0.00596618521212182
711326583,0,0.045165887538009306
714621183,0,0.01654013922223406
712805658,0,0.011764027326912573
808981608,0,0.00625551785176373
718337733,0,0.026300518038699552
715921758,0,0.025110414734080398
779803008,0,0.004773974550486257
717195933,1,0.994274388680177
712562433,1,0.9691990910917605
769578108,0,0.02207443293872078
715442958,0,0.007280713414742321
708402333,0,0.0033406221084095154
719334408,0,0.0761832613457894
788246958,0,0.026665991843998912
780336258,0,0.012868644898414501
772706283,0,0.01076051889219299
780684933,0,0.0010841143596704015
712927383,1,0.9940485701763467
712820208,0,0.0010159048376239621
721434483,0,0.11771709739200413
720659283,0,0.019270243535454167
716004258,0,0.0021751716948312867
713111883,0,0.060016407102231245
772248408,0,0.027131164690204903
787492908,0,0.0022383082349300355
718227033,0,0.013573744745994971
711320508,0,0.01519117595611384
718828083,0,0.006181409942873473
709823733,1,0.6964931806993826
772116408,0,0.09407754710490578
717355533,0,0.0010971034117992478
715932708,0,0.003155868377625211
719679858,0,0.043123646919049526
772323033,0,0.0022526017426613295
714168183,0,0.08291348295528991
710719683,0,0.016418155946798595
719876808,0,0.07608297148534532
778894233,0,0.007215843544037601
712881483,0,0.3683711019572747
789481233,1,0.9086623887736667
714767508,0,0.03704530132559873
789144633,0,0.09719746793806928
710635083,0,0.12681800253989187
711557508,0,0.007326315533208398
720650208,0,0.10011016912881658
810856833,0,0.032261807914186834
712828533,0,0.32193664382650583
714503433,1,0.9883061745584912
817245183,0,0.006755966495953415
709106358,0,0.13351663337510852
720179883,0,0.0565199460884426
816756783,0,0.0011564448246984527
812501358,0,0.026129404074760006
717203958,0,0.06578979349710269
719661558,0,0.029970363448856882
716297658,0,0.30910445514588714
756065433,0,0.0741589583350442
717076458,0,0.03438616836905763
716586408,0,0.021723285823256545
719776608,0,0.21178353419476795
710268858,0,0.0025339062345978414
719400108,0,0.05356709095043355
715398858,0,0.012806871565252818
717359208,0,0.0055199077202296234
788595183,0,0.015477259206476747
772082208,0,0.01708680731789426
720770883,0,0.0692988605765518
716263533,0,0.0010036667379093238
719848008,0,0.03623788731620573
717073308,0,0.02043744660714387
716277558,0,0.17820210925071625
712010358,1,0.9523975830799435
709319658,1,0.8491681276219626
794665608,0,0.08506252814117313
708997833,0,0.007751897092077947
717135333,0,0.008066417964057528
795784008,1,0.878235688576974
711728208,0,0.02424577007004314
737925558,0,0.0028798485999535772
719147208,0,0.03542959068942558
715941633,0,0.05787562134314556
714078558,1,0.952205785681047
719453283,0,0.007055056957575765
794507133,1,0.9283539522517882
710790258,0,0.10465046836765154
755953308,0,0.027665576008282344
712710708,0,0.046940178351731296
717843783,0,0.07656145399944612
710297133,0,0.0017620932696103613
716222808,0,0.033946031729746584
714069858,0,0.03369899941333011
787659483,0,0.04296286930222342
757167633,0,0.00197205917061136
717207408,0,0.049150334905357855
778224858,0,0.00659557832349611
709103358,0,0.0246747677766942
816829608,0,0.05112607618755896
719838558,0,0.011620780397863682
718161708,0,0.11891468176482504
717382608,0,0.022112457774784326
711762408,0,0.006313503793100497
811571733,0,0.06487267249720612
779403558,0,0.007431616545071757
718399233,0,0.029749014792796374
711343233,0,0.1379368711194102
779536233,0,0.020909518449512034
718893333,0,0.01116183718541216
716697708,1,0.8800170074214516
708788583,1,0.8701372131342265
713808633,0,0.027939977120322354
721210158,0,0.04715299725745829
789666333,0,0.007206527032683358
710872233,1,0.7023254853229023
780497958,0,0.033630569160974746
798047583,0,0.08100021471672607
817089408,0,0.0029053183575975887
787472283,0,0.0020378669070953096
801786483,0,0.03559554446783633
709040508,0,0.0013164053824147287
709257708,0,0.0038542152508996676
753118533,0,0.0010757505528242502
812222208,0,0.09250847532071706
714187533,0,0.21176497095404773
789180933,0,0.029134745688331475
718140783,0,0.025360992570780453
713924283,0,0.4858272602311042
713236458,0,0.018495359440348108
816315558,0,0.026443413254403657
770135358,0,0.0027736049615442117
714284358,0,0.006362622589600679
712965183,0,0.01284071194047303
713668158,0,0.4254025893562959
784819758,0,0.011393743286013695
712025958,0,0.007180652516554539
713653983,0,0.002817707569351548
712619808,0,0.011396373041918364
710086308,0,0.0007526289902447783
711781233,0,0.012883417932945299
708254733,0,0.03500881127907885
788930358,0,0.0035711163283593285
714361083,1,0.6277149284202252
713253858,1,0.9669485669962864
771020133,0,0.04405498819944641
719593608,1,0.8243872722809907
714407058,0,0.02324292880617259
721282908,0,0.026203713187490422
771507258,0,0.008635455523899545
716285358,0,0.015313397634828278
711985833,0,0.21671440100049313
717182883,0,0.02349683911839877
714618333,0,0.0011991701280205645
709443633,0,0.03520620052839668
778180158,0,0.0019130754693725994
713755458,1,0.8725444270188443
767269908,0,0.011348209701832106
778231983,0,0.002697416792179021
769911858,0,0.06180541279286648
711866358,0,0.019497703978059992
774437583,0,0.022596398627485324
711232608,1,0.9895898481189564
721315233,0,0.011579045465091193
713401758,0,0.0016191073465866201
769438608,1,0.9457043139311923
713172408,0,0.03418676017445495
778425408,0,0.015926641920722073
718611333,0,0.004021341400899985
771400608,0,0.004697146474868413
719990358,0,0.00671985432183872
714250908,1,0.7391423049309371
715992558,0,0.006281578063503309
713181558,0,0.04233142786506869
793597833,0,0.0011787355640909
816013383,1,0.9751543687210408
715518783,0,0.011671106398751846
779353083,0,0.09468854592062784
719881533,1,0.9453528675483711
792864858,0,0.05637355051276316
808681158,0,0.08069206686951931
717390408,0,0.4780009892508101
720551733,1,0.9729578518276351
772273983,1,0.9893079371983194
720648483,0,0.04533510807961951
721486908,0,0.01928379904893767
716657058,0,0.04064940942766083
713630733,0,0.1642951207170914
718586133,0,0.007378554638615904
717482658,0,0.08147245015462933
718503108,0,0.02435143490455148
714148758,0,0.1141225607185594
708902883,0,0.02222656485268488
771499233,0,0.0019888799584003108
714113658,0,0.011724744062319143
713231658,0,0.005233033302966112
708319908,1,0.8615252490325609
715629783,0,0.016902095889539434
820587258,0,0.046972727680275134
771852483,0,0.07157883653289551
712578933,1,0.7771497737595238
711263058,0,0.0019932264985609975
779405133,0,0.0010196924998083987
716094333,0,0.004465063850451259
778837083,1,0.7439715220099471
712434708,1,0.957805972551755
771431133,0,0.030802942159581726
709716258,0,0.023655548128945478
710464683,0,0.006601069298767383
787543008,0,0.01210929740708966
709363383,0,0.03164045702927296
817988433,0,0.0051121385831701125
717189183,0,0.04976402106293205
710854008,0,0.037023535767544254
714531108,0,0.0069087706654324425
778420383,0,0.07195973007709361
809068983,0,0.017173268230834014
713131158,1,0.8428456277481079
709649958,1,0.9376189737895263
754886958,0,0.012130106246601246
713476758,0,0.031092743481816253
709473708,0,0.033916064406661756
708190158,1,0.655217070053646
719813058,0,0.02453042282762078
708158133,1,0.9560645017464341
815826708,0,0.003009995264413071
712682583,0,0.017740816512569205
714917583,0,0.003110740638560965
711577458,0,0.008018558941796615
717623583,0,0.04267498727503903
708899283,0,0.036606195671726065
720249183,0,0.003583910983228264
718653333,1,0.9928763101913021
721424583,0,0.001346326332273487
708451233,0,0.04114504729751936
788122533,0,0.33261664999452406
708298233,1,0.8486073065129048
711935283,1,0.80926424108586
769892058,0,0.0023460932470681217
717954333,0,0.006422164549635961
820108008,0,0.0021919133824210603
712840608,0,0.02232749700087572
817240833,0,0.03162208698317522
771051783,0,0.15044497394178918
779895108,0,0.024124802815324795
714811533,0,0.04506352280504797
714945708,0,0.46618045916949424
712925808,1,0.8299274109604233
712302783,0,0.011520571721687484
710725383,0,0.013969897332443798
708710283,0,0.006901761868016445
708382083,0,0.08503048660893359
767404083,1,0.9227535659415331
773297508,0,0.02100465421096866
717478983,0,0.04537919203191014
709679658,0,0.012371508025283388
721427358,1,0.8948739905020195
718178583,0,0.01152732121326648
718489608,0,0.009783774003190079
721349883,0,0.0611262916131031
787505133,1,0.9639141236408301
711521958,0,0.0060320572358320826
708271833,0,0.07445951917931354
711242058,1,0.7555068595016883
718524783,1,0.8161525888633853
715050408,0,0.06323530293087946
757527033,0,0.015615438465928118
717580458,1,0.7227958749031005
714938733,1,0.8869356522009162
719170683,0,0.01626085877624371
715347783,0,0.06784526377628453
790108908,0,0.015509598292295274
789218433,0,0.058917714118998515
789469083,0,0.0300075783358092
715797783,0,0.012579948674096954
713761608,0,0.022656319460641255
771669183,0,0.003495821324367851
779521533,0,0.007245982981678472
715554708,0,0.007469824789048941
767687208,0,0.001894394245659014
708655983,0,0.10324195002617316
720729108,0,0.006355607658274079
708722583,0,0.0059149497653901515
715371108,1,0.8298184653958504
797238108,0,0.006276688547589821
718640508,0,0.07068920954019677
709487058,0,0.008457171784547489
712948383,0,0.0504210839718821
708469533,0,0.020799094862740883
709104333,0,0.09544266511282025
755420433,0,0.047337715774908126
718996758,0,0.02209955874207286
719445633,0,0.01132060980139659
709231683,0,0.0024043600313150434
708846183,0,0.001773429761091519
826723308,0,0.01953291044431555
710825658,0,0.003361975149254674
796931508,1,0.9586664735814908
808753758,0,0.006759979322734228
789494133,0,0.0419518630294168
816312633,0,0.2149124557566817
720029508,0,0.01235539701432275
714971583,0,0.002032113453174433
789325008,0,0.03132382342808392
713287608,0,0.07436009781622166
754872333,0,0.031327492169935356
713573508,1,0.9489097399820523
718875483,0,0.0027945503477274924
780237033,0,0.048261779370779676
710363433,0,0.01227856842136705
795232683,0,0.0017308912063496323
719577258,1,0.9151058530184082
717400533,0,0.0954683509016796
713047608,1,0.8529359541896001
716645883,0,0.019547431818961247
709707033,1,0.9200250015742507
711112683,0,0.01902396828410889
799723908,0,0.010058210031868338
712290258,0,0.011693689618398726
710462433,0,0.001416776933855095
812446158,0,0.010219287709319671
788741733,0,0.0013393865668024966
780201633,1,0.945822423554088
713656308,0,0.02685601001227072
710749458,0,0.03137410809198385
817142433,0,0.05994997509034057
789491058,0,0.049243020099485016
812488608,0,0.0012142516080899828
710563458,0,0.0012894205236852843
716013858,0,0.006245961449540367
717890583,0,0.013658993266537365
789540108,0,0.0024993997993322434
708753633,0,0.015805332659606028
772776033,0,0.2022031876690088
751283658,0,0.033957522285971896
711237633,1,0.9266342706445841
817197333,0,0.2787858398337717
718737708,0,0.0660474672294693
710507733,0,0.0023453810648034444
712979133,0,0.49249050600305716
717975333,0,0.1439468658828632
787563858,0,0.021679604319053847
779442783,0,0.0006833698625621142
720608658,0,0.005791287986240726
714524583,1,0.8980620918473649
713580633,0,0.07416432348423262
712214283,0,0.0017957331458620573
720190083,1,0.9884129868883628
718394658,0,0.03281467708846123
708615183,0,0.01380428223556015
827476983,1,0.7719279388039432
803335008,0,0.007684526989551371
711658758,0,0.012073580066753839
721232058,0,0.1972231986267459
809599158,1,0.9289164377693022
717127083,0,0.0030405110964330305
709243533,0,0.0012590175752661026
711267633,1,0.8989011600776182
809849358,1,0.7921114067451515
720708183,0,0.0014976294984240881
805259733,0,0.13437514432726566
712660308,1,0.9442432765852112
714296358,0,0.04588477739814745
823578483,0,0.0016010020017732693
709749483,0,0.0016364628880366488
715215108,0,0.002116991170196168
718415133,0,0.05329667514586928
710500983,1,0.5621288934043907
714970458,0,0.013502719256837667
708931908,0,0.0033943781244666097
749571633,0,0.006646956267756092
801508383,0,0.016978921801988008
717185658,1,0.8924498095388814
812618883,0,0.07618400725628231
819002508,0,0.02853843734823214
710218233,0,0.04725447812006458
719344608,0,0.0346401798383633
718464258,0,0.047564010967934445
710512833,0,0.011404127154861686
718032483,0,0.002291066784774047
710159658,0,0.04742334628304782
715765758,0,0.04306411853235008
811700058,1,0.6382829742861017
806824908,0,0.002804088646821134
712428333,0,0.0016197656739353758
710971908,0,0.005264594974877699
718011783,0,0.025486186159575035
721399833,0,0.0008961022189946764
710975883,0,0.04823530937538734
712420833,0,0.037752846045506196
803115258,1,0.8384069693304071
721005108,0,0.0023142213243533675
788610258,0,0.01604847691807812
716159958,0,0.055116317510461095
789231858,0,0.03766614297017659
719123958,1,0.9890207225865945
719337408,0,0.2602616235684745
779486433,0,0.00562036019547787
817337958,0,0.11942030343597115
712774908,0,0.050282403434384476
813234108,0,0.0475494762967333
792524358,0,0.08151718489152318
719282433,0,0.04738479504699601
720299283,0,0.0016491220968622494
709479558,0,0.06253141918586773
716102583,0,0.025547179075177007
713733633,1,0.5471457098723108
795155433,0,0.0037000323867474746
711783483,0,0.001279722839328093
721532583,1,0.7248002945257636
714753258,0,0.04655148832095665
721055058,0,0.04961257963842545
720510333,0,0.0008863773703011572
718146258,0,0.018932324941307557
715664808,1,0.9456887081626769
719964933,0,0.008723867587358054
709173108,1,0.963225711181447
719722308,0,0.04655533102678611
719666283,0,0.06389801123837656
780006783,1,0.9168013057602284
715601808,0,0.001995422903645261
769720683,0,0.02884699996459245
765692658,0,0.009500274718146018
717819633,0,0.016976663869147594
718699683,0,0.002846167895309862
797169633,0,0.026390114692951792
710636208,0,0.06112234870718154
709309308,1,0.8208055146410284
819690933,0,0.020608168287574755
711615933,0,0.03073975370043826
714933783,0,0.03845529901849635
778643733,1,0.7247703910157408
712867983,0,0.08096544318164023
718939083,1,0.9672341433921783
713512308,1,0.7008319686743204
790123983,0,0.016979559299796578
711153783,0,0.023348571820553145
744483633,0,0.11333075958413444
719971458,0,0.0015326207892110118
716506083,1,0.808899578419553
716329383,1,0.7555078757020911
719719158,0,0.022729167239333575
716107158,1,0.5474893670304232
714477408,1,0.8806332692649026
773146383,0,0.06869146126757172
708635058,0,0.0019205969825802174
803421108,0,0.08036718629869906
716210283,0,0.00754191381416975
711315783,0,0.05720139632355048
712489158,0,0.059790107503097475
718576908,0,0.03057164235334002
753208833,0,0.0753740158910978
798546408,0,0.007221556421944235
827114058,0,0.027453356976549034
771453033,0,0.0025988351746425837
718452633,1,0.9859289291823015
718026858,0,0.0010179025288679217
721181883,0,0.01615247054406165
717609633,0,0.023367998302238426
710927733,0,0.03041882756931609
711551958,1,0.9736607076459748
716365233,0,0.010782388861593906
783121008,0,0.006615867990311945
716780283,0,0.001596493452898468
718471758,0,0.008247987941196076
756571983,0,0.13936690206087943
714700158,0,0.012524654403190214
794191008,0,0.017775932631405592
711000933,0,0.006710076418274096
789025083,0,0.00819222606169081
717074283,1,0.857542869554011
714243408,0,0.028771403405877943
716462658,0,0.03887509591249595
719944458,0,0.0019608341993967
718866633,0,0.011146055840231588
714247458,0,0.03361700203016691
783910008,0,0.005374286031867055
714294183,1,0.9637003857660073
789530208,0,0.1973250898475943
714389058,0,0.02400154124958463
772661808,0,0.006136159186364211
710135058,0,0.013898290664971067
716805408,0,0.0012830439801183354
789304983,0,0.06054435074908036
743912958,0,0.00753678953319265
715311183,0,0.006365341903239374
720264783,0,0.006813705908132632
788771733,0,0.0015451686699159443
711724083,1,0.6080782546213295
717628608,0,0.07940010816915467
712319058,0,0.0473258039571221
772231233,0,0.020949339468112695
715315008,0,0.1032738317511466
778853358,0,0.07368203047062334
714581358,1,0.9704299759744487
710810883,0,0.002265541350164693
709879458,0,0.021737417667308925
811970808,0,0.0510507178008033
720015183,0,0.007404896752524001
708907833,0,0.010255069115320582
826261008,1,0.9525841212282896
794682483,0,0.011125398756549167
708098133,0,0.07883473190844341
711069483,0,0.12041988674941802
709537683,1,0.9608708996975291
710770383,0,0.02991488851832371
809811858,1,0.8647226753258535
772216833,0,0.012247820201381989
717830583,0,0.001757766831836168
713779908,0,0.041217972398975865
712507758,0,0.06263716810594579
716093133,0,0.06903757106380266
817382958,0,0.001164691302384011
714400308,0,0.011122865865848274
789466008,0,0.006684248131814932
710289783,1,0.7064591816739626
712659408,0,0.0018813594159303735
788791383,0,0.025424323926629598
709822008,0,0.0016216442709197617
816615633,0,0.180392324431416
718521258,0,0.06839734709359707
713533983,0,0.026707093656445018
709444983,1,0.9337237213248895
717405408,0,0.003326944334002802
753226158,0,0.024202438729525416
780384483,1,0.6915244651934322
720096558,0,0.05657165324378814
778567983,0,0.028687794838383657
711649908,0,0.001034299628923318
718038483,0,0.0027184535854057374
719519058,1,0.8554106377814521
770985633,0,0.09010934827621135
713600958,0,0.01658115873501226
719801508,0,0.009273203717710463
713686008,0,0.01446472709721283
720401658,1,0.8633058714496191
715572783,0,0.02128806043995581
817908783,0,0.001782555736238358
712361583,0,0.07414458165119424
709108533,0,0.010548840194835573
718490658,0,0.03892442631573425
790006383,0,0.041717308426485654
710744433,0,0.04077790197319112
780865308,0,0.03748295046116437
716643033,1,0.9205638330734713
789241308,1,0.9701381775271656
721344858,0,0.08608766061384637
717050883,0,0.0011154270526531596
788979258,0,0.007902684953623949
719125158,0,0.13350330178865588
709545333,0,0.007116508869414228
721165608,0,0.02177672449545077
714652383,0,0.0011758433789287588
737921733,0,0.22866941173947178
804428958,0,0.0109934548830527
720075558,0,0.12725529406890035
769676358,0,0.0063768183226578104
716378658,0,0.1191873739113761
714479358,1,0.8561976955705106
712141683,0,0.061543898837931287
710005683,0,0.0025456624330547125
721228308,1,0.9943031733270624
758833758,0,0.13979350548861805
787565433,0,0.06759234705015467
780253533,0,0.10735547552799629
714595983,1,0.9941076560214387
709547658,1,0.9269625158999125
711801933,1,0.980428724184806
715808808,0,0.011084892618363783
711294258,0,0.0021380936234150923
708542283,0,0.007188934533423055
787514433,0,0.002871166390181465
779773533,0,0.16854431280735047
807964908,0,0.005936193884036902
757753083,0,0.033190496927324994
779331558,0,0.0442009717102677
799026633,0,0.05725893711599653
719898108,0,0.0027144635131389904
711252258,0,0.030891357189124172
719724933,0,0.0016583337446043744
715413483,0,0.00638617419068535
751518633,1,0.7641473702208501
742552683,0,0.0016542705431926204
756598833,0,0.09315667185670122
794562783,0,0.01844846213950407
779942808,0,0.0011164818461827778
789151983,0,0.011378648577280291
779598183,0,0.02882677723483078
720714933,0,0.0027565357257573124
708536283,1,0.8427404678393454
714548733,0,0.015509192205703237
713796033,1,0.8322698125474579
770817783,0,0.03649898806253586
716032233,0,0.0014440575038263345
719806233,0,0.022289880892067435
712835433,0,0.009474468712314759
713975433,0,0.006067021303888558
715076358,1,0.762391246205097
720731808,0,0.3497674959416287
714616308,0,0.0018533468363556376
717502083,1,0.6545050014162005
789362058,0,0.06752589010092076
794530608,0,0.0396235054456022
709007883,0,0.015095912344478721
709219533,0,0.0040130327479302105
787723758,0,0.02119313922563413
710968008,0,0.011182868361357599
780638958,0,0.010607662704825152
716951658,0,0.10546068877163885
715956258,0,0.052115474940504454
785119833,0,0.2892827742280245
710723958,0,0.010798515122307825
714011358,0,0.03398805135941048
717724233,0,0.04212548819162842
754671558,0,0.1350158612426706
794514108,0,0.029968824608263202
719385558,0,0.13631030170480496
712637283,0,0.014293841016712487
714222183,0,0.013362418131425304
709175208,0,0.011592556493238091
717112533,0,0.13666465323841012
714426783,0,0.019825166985199788
721448283,1,0.7269180985408323
782548758,0,0.017584602788634007
717561108,0,0.019360760270874033
720585183,0,0.006419526198053863
714643983,0,0.004639298730848805
712291308,0,0.004640308795021722
713036208,0,0.001730542850761361
709979583,0,0.04825483574862163
717517758,0,0.0022279066871754264
717271983,0,0.01894581711723339
718528008,0,0.011730337564460276
719118708,1,0.7690576376961583
708657033,0,0.0011637750864774584
717489033,1,0.7622266219144482
818926833,0,0.23340547123735733
708338958,0,0.0012483573577318295
827683383,0,0.007025709963897842
717099408,0,0.011885657912002034
716878533,0,0.013331226272995126
797410983,0,0.006083760095298968
789625383,0,0.14477114450979342
709701558,0,0.01118167900062137
708334158,0,0.007260207601373318
710638233,1,0.7039099504273558
794496033,0,0.010102708176900746
709738008,0,0.0010345512862041776
808756458,0,0.013755646758497619
710982858,0,0.006052803498287359
718451133,0,0.03451372233356717
717991533,0,0.0028038527355570175
713104458,1,0.9464511517214592
715783758,0,0.0017530274045293682
716891583,0,0.012736022763510844
714557583,0,0.012000936400804161
714840858,0,0.0069351016466414825
788911458,0,0.0022153875492901248
712521783,0,0.01696189713114647
716756133,0,0.0026780014807551294
793550958,0,0.05142476046444847
768687183,0,0.02275088643326278
778170633,0,0.001382364841538135
789307833,0,0.04069303636180328
718291233,0,0.0016096293892178082
718984533,0,0.005628229115813434
794293908,0,0.019885471513208398
708829758,0,0.024020282464541055
717016833,0,0.01221422111521883
711339258,0,0.04647555450428684
708754833,0,0.021006256576219958
716773533,0,0.03621125841952933
788896983,0,0.03998414081453294
715694433,0,0.0010082245011378364
708403308,0,0.12479506878915882
715511658,0,0.001662076559848323
717327783,0,0.026340636115610116
717384183,0,0.005720821920906913
818929158,0,0.07805058187133576
789539058,0,0.08412042317867165
718357458,0,0.06855580977768744
709530408,0,0.0179561044185286
826245858,1,0.7884745056881719
716800908,0,0.041891593918546244
714425283,0,0.018394715413383625
718345233,0,0.20146584670630344
713128833,0,0.179913832716337
769577358,0,0.030411185777938162
758824608,0,0.0022786337354482266
716742483,0,0.0704408246129685
710905908,0,0.006141841091913372
712902483,0,0.0027821365775141625
772105608,0,0.009280391566889763
809951133,1,0.5995366295095076
710015733,1,0.8497169972239058
716893683,1,0.8831385672855515
788808633,0,0.016185859646815605
714100008,1,0.7446179679003043
717211608,0,0.035729567844471684
711008508,0,0.009570065097911577
712899333,0,0.09072883053442216
714091983,0,0.008286781163950594
802878408,0,0.020015462285522798
715958583,0,0.030550831735962555
716142858,0,0.014518865532767038
720449208,0,0.03108744417883424
739021908,0,0.03368996883631175
817035108,0,0.03214263687132434
718957083,0,0.01601786405067872
712084383,0,0.007909857954380095
771952683,0,0.011500637688063775
719782458,0,0.001663500283705947
721164483,0,0.0066982433851839225
806989008,0,0.0013348471865487657
709624533,0,0.11001223785602258
710570058,1,0.941244515040719
713114133,1,0.8830221258959393
771224358,0,0.015820158695746808
809440008,1,0.9775966254936016
785515533,0,0.0652125973984584
713709258,0,0.025711925989972597
708104658,0,0.1908058969219734
817958733,0,0.015094330923417656
721183983,0,0.009292614307532202
810220833,0,0.059795032603742665
713373708,1,0.9380265712801052
715710708,0,0.006989211158868185
717443658,0,0.006019825556826721
717915783,1,0.9500004395175319
779217333,0,0.003034428338105945
710794983,0,0.001438895664600557
795855258,0,0.026393742264465496
788719533,0,0.2671187561827358
720782658,0,0.0009725781450632717
720034983,0,0.049698944724455865
713536158,0,0.006298604828847119
755262933,0,0.023937604251983626
719136183,0,0.0070143904522541834
715898058,0,0.028346869920551354
716315508,1,0.9003350472643231
788667408,0,0.012814575225768773
768949983,0,0.06995865004904207
778882758,0,0.04948717965102669
709465758,0,0.06352558286360759
719781183,0,0.037372469005501265
720101658,0,0.08376799376445876
713782608,0,0.01020574054885302
802101858,0,0.053485502413847336
708757233,0,0.0011739505990372558
709711758,1,0.8956915557473443
772000533,0,0.04315779855050768
720827133,1,0.9007378425648933
789903708,0,0.0011762466340681467
719855958,0,0.008599758918482445
713254983,0,0.042820278337311
709120008,0,0.27894264155208814
720927183,0,0.021798897967781946
716875083,0,0.051632557744394465
716988633,0,0.07898363627323833
711553308,0,0.0019503264238977746
788802483,0,0.001324251904188504
708908883,0,0.0026279454133941705
712644483,0,0.0011062975412890594
716311683,0,0.059666987183977324
779707308,0,0.1296616734799303
720595083,0,0.005908481349261253
715034358,0,0.05995268015422221
720897783,0,0.006333927088593505
826513233,0,0.3522807772904082
826065258,0,0.05295233099100683
772426383,0,0.028393747770138686
717972408,0,0.011544694639070065
708888633,1,0.9624180722801994
714916758,0,0.05882735879598045
710888883,0,0.002899870400700045
717296808,0,0.0482896229416782
713847858,1,0.9013040763298298
768728508,0,0.0014998607983841936
762020133,1,0.9708522447459458
710706558,0,0.2950651094591814
709278258,1,0.7206178210652309
710679933,1,0.7955461654275218
713152383,0,0.007659134619751619
771429408,0,0.046240672898977174
770721858,0,0.026141271970848395
778686408,0,0.01713688534785949
771682533,0,0.031138553899763565
712378983,1,0.5510995094636871
714615258,1,0.7919574773081678
713027058,1,0.981582996788131
789485433,0,0.015269779513905372
716368008,1,0.6958995513318132
771935283,0,0.003925815522375432
779315508,0,0.44835187023919
794843883,0,0.01754339919819889
822084333,1,0.7450936063544886
714893733,0,0.04273467976487684
719474583,0,0.0953072110200956
717141858,0,0.026551865213634823
712714008,0,0.012626768268188515
719570733,0,0.0198426100357209
720980958,0,0.007094291988336422
720964683,0,0.031800088012958784
718263108,1,0.7535148319485672
789101883,0,0.05566694187050542
809292483,0,0.10623521312219124
778973658,0,0.011701362805011346
708560733,0,0.021334539879172453
721171008,0,0.0349267645769129
781297983,0,0.0769917169608415
778228458,0,0.011666839494943647
797668983,0,0.01155964863437767
713492583,1,0.9340043431919394
715799808,1,0.8522573364075069
711647808,0,0.018271163226130167
720840108,0,0.030556011434984463
711349083,0,0.2535124964407437
721247883,0,0.0012975889147226682
720497958,0,0.09333456961695964
719466558,0,0.15290897340457557
753220383,1,0.9477367451698823
757481283,0,0.12608447709684426
778506633,1,0.9825389814893181
819634233,1,0.9815188177120112
753795633,1,0.719379790417101
715435758,0,0.0013489659702163412
772063308,0,0.011119364705823762
718205283,0,0.007129708326236048
720863133,0,0.007697346045238806
709288383,0,0.007048633224391557
709213458,1,0.9298009655429342
708670608,0,0.032300337681992274
709150608,0,0.05285008831810733
713105508,0,0.014350545483350385
716303583,0,0.01699272743312031
787669233,0,0.026827570310791436
771488583,0,0.06022241124663407
708269583,0,0.012365842877552874
779809908,0,0.0024392654342213264
720973833,0,0.037591705169462
720236433,0,0.0013279486630639198
717895833,0,0.0019524979738518569
718921683,0,0.022118402357615655
713828208,0,0.04804765260922337
779241783,0,0.09266908957513667
797241108,0,0.004971412377626608
716635758,0,0.009915270320305515
714536208,0,0.05543842053100468
709372608,0,0.002398395571050842
769574883,0,0.25044095345101236
718286658,0,0.0076857367816078204
714839808,0,0.0009541179975097973
718342158,1,0.8281417008082456
778573233,0,0.001564450272280667
715680933,0,0.058428071337742596
708396033,0,0.0012901278039746727
713356833,0,0.03632154596064458
814593858,0,0.01890360939349795
771592458,0,0.0008591136735149573
827631483,0,0.023098234806738713
811721133,0,0.04324778475175067
720443358,0,0.0038517633317944966
709477233,0,0.006926511538532248
711942783,0,0.011177683912115958
768848658,0,0.010941982146403106
788772708,0,0.017039186910965332
717109983,0,0.007275990738176007
712128258,0,0.049656871999166734
720621408,0,0.1054259105944311
710295858,0,0.007013301910612673
714647808,0,0.0023383451701033285
712374708,0,0.012105304599682233
715547058,1,0.9869236314865588
720539583,0,0.013882270950722631
712952283,0,0.0076003737386076435
710475408,0,0.016637726685734808
715007583,0,0.004340897994082344
713061558,0,0.33472383640756864
772288758,0,0.0032216527973067902
713977308,0,0.0012318203206876188
801064833,0,0.0023058456751308912
708129933,0,0.032910377816860494
789167658,0,0.10323636454792401
720286908,0,0.0016489179073893609
716565258,0,0.2564217240637631
708564858,1,0.7692845773865156
778895883,0,0.036281124568657785
709410033,0,0.016955126464137618
710745633,0,0.004700603682888827
709008708,0,0.010734551413612889
714738858,0,0.0009567391398682322
713639058,1,0.9940425820973522
719739108,0,0.06250276495321633
826079508,0,0.014823646140120585
710795883,0,0.02085916154116513
710404533,0,0.017473792483197696
719359458,0,0.05719716357803436
821837958,0,0.10224399852339061
710691633,0,0.015873757951566165
779296908,0,0.04112896207465086
710797833,0,0.009500932611018212
804337233,0,0.006126049434364863
713823033,1,0.911773512248999
720076458,0,0.002445837531919265
809818008,0,0.031271810486193506
717376758,0,0.0037221595423897846
795844983,0,0.017271221526340648
789368658,0,0.10471047598587235
720462633,0,0.013742347922351199
708938508,0,0.017905010452647876
709560258,1,0.5787085790547462
717513933,0,0.07271181474057281
711113958,0,0.052825139051500256
713995233,0,0.001048138441871635
717906783,0,0.16362115882000175
716516208,0,0.029348621278172983
756658083,0,0.01679492214550244
718692258,0,0.020089852597609724
719816583,1,0.6596914933092124
787578183,0,0.003368946720590524
788699808,0,0.26205539503380665
809320908,0,0.0020035616092165943
789942033,1,0.5950213333254599
714006333,1,0.8645164392677668
710813733,0,0.05381833286239541
711679533,0,0.13608782488197982
709212183,0,0.017787710626461953
807523008,0,0.019411948334052964
787480158,0,0.006694471414720955
711272058,0,0.006465951498941577
720033033,0,0.003226344444846186
794124708,0,0.060866809906005494
790164408,0,0.0028714190160707776
714831033,0,0.10620323036236616
718731183,1,0.9143297390266746
827888433,0,0.0409572693219988
711992133,0,0.0015773781785264104
711809283,0,0.018304346371393405
714574083,0,0.13956187367306858
769189083,0,0.007666643789530195
711968358,0,0.002240732567065116
711750183,0,0.038712467915658424
716511483,0,0.03153337943218343
800869758,0,0.0011635837293513885
715235808,0,0.004674165661631804
714199983,0,0.006911907463365229
718540308,0,0.002189176467362073
716460933,0,0.024749492714705314
780277458,0,0.0015943350964341438
798011733,0,0.0016688263767442907
714046608,0,0.0017005669516937621
713396358,0,0.00453642851183649
714005508,0,0.002296948992980083
717444558,0,0.011908762667583813
713905608,0,0.02709413125836599
711126483,0,0.046433183854634665
714602658,1,0.9812725919030559
716019333,0,0.002181823427452014
714869958,0,0.011204916782687431
778459833,0,0.036664708382271066
789309558,0,0.22035001644831323
756736008,0,0.1099226002114086
779883933,0,0.025439399411829985
709343433,0,0.04921525411153341
806908608,0,0.01557973456460549
720521808,0,0.0672973836592361
709523508,0,0.07495218064067873
708373083,1,0.7326486021028059
713325108,0,0.08796217713429522
819214233,0,0.03406489414639649
713188383,0,0.03795433348016067
770778108,0,0.001768290039816636
716610558,0,0.1148359203003532
715174158,0,0.11559579578614172
779608083,0,0.0066709478261790045
780200208,0,0.0021542982985161864
718675158,1,0.9142336065898842
817977933,1,0.9549214851420662
755273658,0,0.01145114942917419
715022133,0,0.10747106631413045
719804208,0,0.0011585372951452026
780056733,0,0.07616020360900513
780373233,0,0.011098314830671053
817188408,0,0.02083316976904239
772073508,1,0.975548897876874
803805483,0,0.019794957927119394
717823383,0,0.011321581435400616
789907533,1,0.8391685076130213
788259558,0,0.03307542457697016
815515158,0,0.0016933086809490863
713884458,0,0.03578954945581946
789717708,0,0.0022861591117299567
708160008,0,0.002062183650300784
708702258,1,0.8095553169549871
789023508,0,0.011537098670149494
719265108,0,0.025442744806718296
813213558,0,0.04186868124691433
802460433,1,0.910661795538913
717995958,0,0.0020824668772047427
710697408,0,0.008414297080944173
805458933,0,0.020348306432060825
713850783,0,0.028502736691251192
713876958,0,0.042248297629662056
718926258,0,0.0012698403050870133
717585858,0,0.023964110384426446
710303208,0,0.023104299884630433
770647233,0,0.0977405243379047
715459158,0,0.004212110992427037
789185508,0,0.01724278593163038
779305008,0,0.012097938574616218
713343333,0,0.001822362871990447
749067633,0,0.010152769047739388
811713408,0,0.0017090583001493373
789990333,0,0.025222229838861153
788770908,0,0.03444146061258089
709411383,0,0.002219962980129352
708361833,0,0.02313802801759679
712801758,0,0.041750527975319925
721179708,0,0.02158031154477156
708511983,0,0.0012529574906402971
711388458,0,0.050556216802968915
720486408,0,0.02531485928533988
709157133,0,0.01781837050928114
712240083,1,0.9581690399908115
782802033,1,0.9146661785509598
712091433,0,0.009717340767354398
720494058,0,0.025359069121675414
710277183,0,0.006548114793471346
789804933,0,0.04157757986011486
719022558,0,0.0018062083447365753
714573258,0,0.194562339363537
709919283,0,0.009745621299200327
716481408,0,0.03159771033364966
719038008,0,0.12385979354271973
793456983,0,0.001319174645800666
720597108,1,0.791847324030774
715233108,0,0.0011863421446113057
709220583,0,0.10881037471813547
779324358,0,0.1179005814544584
712112733,0,0.020457715053440552
714443058,1,0.8562630907633675
711109908,0,0.014302978532536976
717464958,0,0.0921624154895823
713701533,0,0.0024699147915858886
772565883,0,0.00957087203801567
758765808,1,0.703212721424466
716851908,0,0.0706361841660591
721500108,0,0.030973646390660848
820268358,0,0.0016132650538562526
717171408,0,0.1382900515309039
713567958,0,0.02619154192089093
716512383,0,0.05129091022955353
713008308,0,0.08095970892997553
780942633,0,0.04075473839796016
716249508,0,0.005190091567796644
714909108,0,0.06659696834398958
778708533,1,0.8137168446803763
772725408,0,0.00101741071098742
709534083,1,0.9765891859103851
817144458,0,0.01773791823536533
807157833,0,0.0016359095903970158
716371308,0,0.07552215928173624
716332533,0,0.014789150902584982
716924958,1,0.9034420361704657
720904233,0,0.01986442730875869
711964533,0,0.007802310079541532
788715483,0,0.001145669778995093
788832033,0,0.024304565348776203
716022258,1,0.9352175554921738
712208658,0,0.0024462684389758094
710482533,0,0.016926327131709207
717661908,0,0.03622523776844912
720254883,0,0.05288996098501369
719532108,0,0.08823121884358535
779610033,1,0.882782862136299
819977058,0,0.0014077816819429037
772202058,0,0.09745803714115667
717658758,0,0.035449416386586344
720467583,0,0.006517710723664042
713314533,1,0.7338629391874981
719318583,1,0.9373071706092084
789122808,1,0.8330877688504111
708525108,0,0.0015908421791200377
779662308,0,0.01907398057123461
717180633,0,0.07811592839950203
713000058,0,0.10456129769317644
709747308,0,0.010394981416065452
712235433,1,0.9528068494657965
712405908,0,0.021955605206736846
778885158,0,0.016510002427538452
789143283,0,0.0017418623871853672
721233033,1,0.9061691773031498
718486608,0,0.0036389836980635485
713249883,0,0.01649719413915777
797743233,0,0.0012689204128799867
778346283,0,0.09698549394097027
721113333,0,0.031461651811312025
720707283,0,0.24522823921040307
788997408,0,0.044158457673267516
710456658,0,0.01685385235563699
808796208,0,0.028330020054210057
713685033,1,0.9617880060697902
788912658,0,0.014467736287366554
712157958,1,0.5769555988904765
711148308,0,0.0019897090985007064
719117433,0,0.1123949854145462
